id_user,first_name,last_name,phone,postal_code,age,email,created_at
c1a8f9d2-7e34-4b6a-a5d1-91f8f6b72a11,Kevin,Turner,5551,90210,28,kevin.turner@example.com,2026-05-15T08:10:22
8f42d6ab-1c57-48a0-93de-2bfc8c91d4e7,Emily,Carter,5552,33101,24,emily.carter@example.com,2026-05-15T08:14:37
3b7e9124-5f0d-4d88-bd3e-7f61f7c8e219,Jason,Mitchell,5553,10001,35,jason.mitchell@example.com,2026-05-15T08:19:05
f5c3a1d8-9b64-41ef-8f3b-12c9d4e5a6f7,Sarah,Collins,5554,60601,31,sarah.collins@example.com,2026-05-15T08:23:41
2d6f8b90-3a74-45ce-91f4-8a7d5c3e2b10,Daniel,Reed,5555,75201,42,daniel.reed@example.com,2026-05-15T08:27:58
a9c4e7f1-6d22-4f93-87ab-3e1d5f8c7b44,Olivia,Bennett,5556,94102,22,olivia.bennett@example.com,2026-05-15T08:31:26
7e2a5c91-4b8d-49fa-95c1-6f3b2d7a8c55,Matthew,Gray,5557,30301,29,matthew.gray@example.com,2026-05-15T08:36:12
4f9d2b73-8c15-4e6a-a2d9-5b7f1c3e6a88,Chloe,Adams,5558,02108,26,chloe.adams@example.com,2026-05-15T08:40:49
b2e7c4d1-9f53-47ab-84de-1c6a9f3b7d22,Ryan,Parker,5559,98101,38,ryan.parker@example.com,2026-05-15T08:45:33
6c8d1f42-3b79-4ad0-b5f8-9e2c7d1a4f66,Natalie,Scott,5560,80202,25,natalie.scott@example.com,2026-05-15T08:50:17
1a3f5b7c-9d24-4e8a-b3c7-6e8f1a2b4d55,James,Walker,5561,48201,47,james.walker@example.com,2026-05-15T08:52:10
5c7e9f1a-3b48-42d0-a9b5-7c1e6f8d2b44,Sophia,Phillips,5562,37201,30,sophia.phillips@example.com,2026-05-15T08:55:45
9d1f4a7c-3b2e-486a-85c1-2e7f9b3c4d55,Andrew,Green,5563,20001,33,andrew.green@example.com,2026-05-15T08:58:20
2b4c7e9d-1f5a-43d8-b2e1-6f8a3c5d7b99,Emma,Evans,5564,70112,23,emma.evans@example.com,2026-05-15T09:01:15
f4a1d7c3-8b2e-495a-a3d1-7c9e2b5f8d44,David,Morris,5565,85001,50,david.morris@example.com,2026-05-15T09:03:50
7b3e9a1c-5d42-4f8a-b1e7-2c6f8d3b5a99,Isabella,Ward,5566,19102,27,isabella.ward@example.com,2026-05-15T09:05:12
c8d2f1a4-7b39-456a-a1e8-9b4c7f2e3a11,Christian,Rogers,5567,77002,36,christian.rogers@example.com,2026-05-15T09:08:33
a1b7c4d9-3e2f-485a-92c1-6f3d8a5e7b44,Mia,Stewart,5568,92101,24,mia.stewart@example.com,2026-05-15T09:10:04
3d9e2f1a-4b7c-485a-83d1-9c6f2a4b7e55,Jonathan,Brooks,5569,55401,41,jonathan.brooks@example.com,2026-05-15T09:11:18
6f2a4b8d-1c73-45ea-b9d1-2f8c7e3a5b44,Amanda,Watson,5570,32801,32,amanda.watson@example.com,2026-05-15T09:13:02